{"cameraMode":{"drawMode":0,"name":"Shaded","section":"Shading Mode"},"sceneLighting":false,"audioPlay":false,"sceneViewState":{"m_AlwaysRefresh":false,"showFog":true,"showSkybox":true,"showFlares":true,"showImageEffects":true,"showParticleSystems":true,"showVisualEffectGraphs":true,"m_FxEnabled":true},"in2DMode":false,"pivot":{"x":2.1783885955810549,"y":-0.5919214487075806,"z":-0.1084597110748291},"rotation":{"x":0.018404195085167886,"y":0.9802426695823669,"z":-0.16292212903499604,"w":0.11074494570493698},"size":7.370487213134766,"orthographic":false}